{
	"Modality": "MR",
	"MagneticFieldStrength": 30000,
	"Manufacturer": "GE",
	"ManufacturersModelName": "GENESIS_SIGNA",
	"DeviceSerialNumber": "000000000000R03",
	"StationName": "MR3T",
	"BodyPartExamined": "BRAIN",
	"PatientPosition": "HFS",
	"ProcedureStepDescription": "MRI_BRAIN_W_WO_CONTRAST",
	"SoftwareVersions": "08",
	"MRAcquisitionType": "2D",
	"SeriesDescription": "AX_T2_FR-FSE_RF2_150",
	"ProtocolName": "AX_T2_FR-FSE_RF2_150",
	"ScanningSequence": "RM",
	"SequenceVariant": "NONE",
	"ScanOptions": "FC_SLICE_AX_GEMS_FC_VB_GEMS_TRF_GEMS",
	"ImageType": ["ORIGINAL", "PRIMARY", "OTHER"],
	"SeriesNumber": 4,
	"AcquisitionTime": "08:49:32.000000",
	"SliceThickness": 5,
	"SpacingBetweenSlices": 5,
	"SAR": 0.09,
	"EchoTime": 0.104972,
	"RepetitionTime": 3.5,
	"FlipAngle": 90,
	"PercentPhaseFOV": 100,
	"EchoTrainLength": 14,
	"AcquisitionMatrixPE": 192,
	"ReconMatrixPE": 512,
	"PixelBandwidth": 122.07,
	"PhaseEncodingAxis": "i",
	"ImageOrientationPatientDICOM": [
		1,
		0,
		0,
		0,
		1,
		0	],
	"InPlanePhaseEncodingDirectionDICOM": "ROW",
	"ConversionSoftware": "dcm2niix",
	"ConversionSoftwareVersion": "v1.0.20180614 GCC6.3.0"
}
