{
	"Modality": "MR",
	"MagneticFieldStrength": 30000,
	"Manufacturer": "GE",
	"ManufacturersModelName": "GENESIS_SIGNA",
	"DeviceSerialNumber": "000000000000R03",
	"StationName": "MR3T",
	"BodyPartExamined": "BRAIN",
	"PatientPosition": "HFS",
	"ProcedureStepDescription": "MRI_BRAIN_W_WO_CONTRAST",
	"SoftwareVersions": "08",
	"MRAcquisitionType": "2D",
	"SeriesDescription": "AX_T1_pre_gd",
	"ProtocolName": "AX_T1_pre_gd",
	"ScanningSequence": "RM",
	"SequenceVariant": "NONE",
	"ScanOptions": "VB_GEMS_SEQ_GEMS_TRF_GEMS",
	"ImageType": ["ORIGINAL", "PRIMARY", "OTHER"],
	"SeriesNumber": 8,
	"AcquisitionTime": "09:20:4.000000",
	"SliceThickness": 5,
	"SpacingBetweenSlices": 5,
	"SAR": 0.125032,
	"EchoTime": 0.008104,
	"RepetitionTime": 2.38248,
	"InversionTime": 0.86,
	"FlipAngle": 90,
	"PercentPhaseFOV": 75,
	"EchoTrainLength": 4,
	"AcquisitionMatrixPE": 192,
	"ReconMatrixPE": 512,
	"PixelBandwidth": 122.07,
	"PhaseEncodingAxis": "i",
	"ImageOrientationPatientDICOM": [
		1,
		0,
		0,
		0,
		1,
		0	],
	"InPlanePhaseEncodingDirectionDICOM": "ROW",
	"ConversionSoftware": "dcm2niix",
	"ConversionSoftwareVersion": "v1.0.20180614 GCC6.3.0"
}
