{
	"Modality": "MR",
	"MagneticFieldStrength": 30000,
	"Manufacturer": "GE",
	"ManufacturersModelName": "GENESIS_SIGNA",
	"DeviceSerialNumber": "000000000000R03",
	"StationName": "MR3T",
	"BodyPartExamined": "BRAIN",
	"PatientPosition": "HFS",
	"ProcedureStepDescription": "MRI_BRAIN_W_WO_CONTRAST",
	"SoftwareVersions": "08",
	"MRAcquisitionType": "2D",
	"SeriesDescription": "AXIAL_FLAIR_RF2_150",
	"ProtocolName": "AXIAL_FLAIR_RF2_150",
	"ScanningSequence": "IR",
	"SequenceVariant": "SK",
	"ScanOptions": "FAST_GEMS_VB_GEMS_TRF_GEMS",
	"ImageType": ["ORIGINAL", "PRIMARY", "OTHER"],
	"SeriesNumber": 7,
	"AcquisitionTime": "09:04:21.000000",
	"SliceThickness": 2.5,
	"SpacingBetweenSlices": 2.5,
	"SAR": 0.085563,
	"EchoTime": 0.1235,
	"RepetitionTime": 10.002,
	"InversionTime": 2.25,
	"FlipAngle": 90,
	"PercentPhaseFOV": 100,
	"AcquisitionMatrixPE": 192,
	"ReconMatrixPE": 256,
	"PixelBandwidth": 122.07,
	"PhaseEncodingAxis": "i",
	"ImageOrientationPatientDICOM": [
		1,
		0,
		0,
		0,
		1,
		0	],
	"InPlanePhaseEncodingDirectionDICOM": "ROW",
	"ConversionSoftware": "dcm2niix",
	"ConversionSoftwareVersion": "v1.0.20180614 GCC6.3.0"
}
