{
	"Modality": "MR",
	"MagneticFieldStrength": 1.5,
	"Manufacturer": "Siemens",
	"ManufacturersModelName": "Avanto",
	"DeviceSerialNumber": "25969",
	"BodyPartExamined": "BRAIN",
	"PatientPosition": "HFS",
	"ProcedureStepDescription": "UHCMC_HEAD_HEAD_WITH_GAD",
	"SoftwareVersions": "syngo_MR_B17",
	"MRAcquisitionType": "2D",
	"SeriesDescription": "MRHR_T2_AX",
	"ProtocolName": "MRHR_T2_AX",
	"ScanningSequence": "SE",
	"SequenceVariant": "SK_SP_OSP",
	"SequenceName": "tse2d1_11",
	"ImageType": ["ORIGINAL", "PRIMARY", "M", "ND", "NORM"],
	"SeriesNumber": 2,
	"AcquisitionTime": "22:26:7.252500",
	"AcquisitionNumber": 1,
	"SliceThickness": 5,
	"SpacingBetweenSlices": 5.5,
	"SAR": 0.301251,
	"EchoTime": 0.091,
	"RepetitionTime": 5,
	"FlipAngle": 150,
	"PercentPhaseFOV": 87.5,
	"EchoTrainLength": 11,
	"PhaseEncodingSteps": 231,
	"AcquisitionMatrixPE": 224,
	"ReconMatrixPE": 256,
	"PixelBandwidth": 120,
	"PhaseEncodingAxis": "i",
	"ImageOrientationPatientDICOM": [
		0.998351,
		0.0164015,
		0.0550093,
		8.88907e-10,
		0.95831,
		-0.285729	],
	"InPlanePhaseEncodingDirectionDICOM": "ROW",
	"ConversionSoftware": "dcm2niix",
	"ConversionSoftwareVersion": "v1.0.20180614 GCC6.3.0"
}
