{
	"Modality": "MR",
	"MagneticFieldStrength": 1.5,
	"Manufacturer": "Siemens",
	"ManufacturersModelName": "Avanto",
	"DeviceSerialNumber": "25969",
	"BodyPartExamined": "BRAIN",
	"PatientPosition": "HFS",
	"ProcedureStepDescription": "UHCMC_HEAD_HEAD_WITH_GAD",
	"SoftwareVersions": "syngo_MR_B17",
	"MRAcquisitionType": "2D",
	"SeriesDescription": "MRHR_T1_AX_POST_GAD",
	"ProtocolName": "MRHR_T1_AX_POST_GAD",
	"ScanningSequence": "SE",
	"SequenceVariant": "SP",
	"ScanOptions": "PFP",
	"SequenceName": "se2d1r",
	"ImageType": ["ORIGINAL", "PRIMARY", "M", "ND", "NORM"],
	"SeriesNumber": 13,
	"AcquisitionTime": "23:26:36.435000",
	"AcquisitionNumber": 1,
	"SliceThickness": 5,
	"SpacingBetweenSlices": 5.5,
	"SAR": 0.432116,
	"EchoTime": 0.017,
	"RepetitionTime": 0.718,
	"FlipAngle": 90,
	"PercentPhaseFOV": 87.5,
	"PhaseEncodingSteps": 196,
	"AcquisitionMatrixPE": 224,
	"ReconMatrixPE": 224,
	"PixelBandwidth": 130,
	"PhaseEncodingAxis": "j",
	"ImageOrientationPatientDICOM": [
		0.998145,
		-0.00456797,
		-0.0607054,
		-4.82309e-08,
		0.997181,
		-0.0750368	],
	"InPlanePhaseEncodingDirectionDICOM": "COL",
	"ConversionSoftware": "dcm2niix",
	"ConversionSoftwareVersion": "v1.0.20180614 GCC6.3.0"
}
