{
	"Modality": "MR",
	"MagneticFieldStrength": 1.5,
	"Manufacturer": "Siemens",
	"ManufacturersModelName": "Avanto",
	"DeviceSerialNumber": "25969",
	"BodyPartExamined": "BRAIN",
	"PatientPosition": "HFS",
	"ProcedureStepDescription": "UHCMC_HEAD_HEAD_WITH_GAD",
	"SoftwareVersions": "syngo_MR_B17",
	"MRAcquisitionType": "2D",
	"SeriesDescription": "MRHR_FLAIR_AX",
	"ProtocolName": "MRHR_FLAIR_AX",
	"ScanningSequence": "SE_IR",
	"SequenceVariant": "SK_SP_MP_OSP",
	"ScanOptions": "IR",
	"SequenceName": "tir2d1_21",
	"ImageType": ["ORIGINAL", "PRIMARY", "M", "ND", "NORM"],
	"SeriesNumber": 5,
	"AcquisitionTime": "22:42:46.727500",
	"AcquisitionNumber": 1,
	"SliceThickness": 5,
	"SpacingBetweenSlices": 5.5,
	"SAR": 0.124829,
	"EchoTime": 0.109,
	"RepetitionTime": 9,
	"InversionTime": 2.5,
	"FlipAngle": 150,
	"PercentPhaseFOV": 81.25,
	"EchoTrainLength": 21,
	"PhaseEncodingSteps": 210,
	"AcquisitionMatrixPE": 208,
	"ReconMatrixPE": 256,
	"PixelBandwidth": 130,
	"PhaseEncodingAxis": "i",
	"ImageOrientationPatientDICOM": [
		0.998351,
		0.0164015,
		0.0550093,
		8.88907e-10,
		0.95831,
		-0.285729	],
	"InPlanePhaseEncodingDirectionDICOM": "ROW",
	"ConversionSoftware": "dcm2niix",
	"ConversionSoftwareVersion": "v1.0.20180614 GCC6.3.0"
}
